video_id;youtube_id;start_time;end_time;target_fps;gender;playback_speed;club;view;notes;source
swing_001;zwKLTWuXeFc;00:00:03.1;00:00:06.0;15;male;slowmo;iron;dtl;dustin_johnson;yt
swing_002;svqlvK6M7gQ;00:01:01.6;00:01:04.3;15;male;slowmo;iron;dtl;viktor_hovland;yt
swing_003;PFUC4DWEGXw;00:00:04.5;00:00:09.1;15;male;slowmo;iron;dtl;colin_morikawa;yt
swing_004;rDDuYNSFXF8;00:00:12.0;00:00:14.0;30;male;fullspeed;iron;dtl;justin_thomas_1;yt
swing_005;Cm4EE-o9zHk;00:00:19.6;00:00:21.5;30;female;fullspeed;iron;dtl;sei_young_kim;yt
swing_006;lXPXAgpqLZI;00:00:14.5;00:00:16.3;30;male;fullspeed;iron;dtl;luke_donald;yt
swing_007;sbBCFulU2Iw;00:00:23.5;00:00:25.7;30;female;fullspeed;iron;dtl;ariya_jutanugarn;yt
swing_008;rN_1I4gFMtQ;00:00:00.0;00:00:05.9;15;male;slowmo;iron;dtl;ludwig_aberg_1;yt_shorts
swing_009;ydHFNevEMRo;00:00:00.0;00:00:05.9;15;male;slowmo;iron;dtl;martin_kaymer;yt_shorts
swing_010;v-vaBl6li0k;00:00:13.8;00:00:15.5;30;male;fullspeed;iron;dtl;sean_ohair;yt
swing_011;nOdtwSRWNhc;00:00:00.0;00:00:06.0;15;male;slowmo;iron;dtl;scottie_scheffler;yt_shorts
swing_012;5ybddBNt26I;00:00:00.0;00:00:06.0;15;female;slowmo;iron;dtl;nelly_korda;yt_shorts
swing_013;2hG2i0_EKTg;00:00:01.0;00:00:12.0;15;male;slowmo;iron;dtl;adam_scott;yt_shorts
swing_014;In8VCWt10RQ;00:00:00.0;00:00:10.0;15;male;slowmo;iron;dtl;bryson_dechambaeu;yt_shorts
swing_015;nJlwgI8hn4I;00:00:00.0;00:00:03.0;30;male;fullspeed;iron;dtl;daekwon_lee;yt_shorts
swing_016;ikT3jCvJ2wI;00:00:00.0;00:00:06.0;15;male;slowmo;iron;dtl;justin_thomas_2;yt_shorts
swing_017;lOBfaW91iII;00:00:01.0;00:00:20.0;15;female;slowmo;wood;dtl;anna_nordqvist;yt
swing_018;9oDhWSlXA6A;00:00:00.0;00:00:13.0;15;female;slowmo;iron;dtl;nelly_korda_2;yt_shorts
swing_019;Sw1jCHgKsgs;00:00:23.7;00:00:25.8;30;female;fullspeed;iron;dtl;alisson_lee;yt
swing_020;5X2PAjc5mng;00:00:19.2;00:00:20.9;15;female;slowmo;iron;dtl;brooke_henderson;yt
swing_021;3fgQIb7cdhA;00:00:31.3;00:00:32.7;15;male;slowmo;driver;dtl;sergio_garcia;yt
swing_022;31p1YZI_mrc;00:00:10.0;00:00:12.0;15;male;slowmo;iron;dtl;kiradech_alphibarnrat;yt
swing_023;xMlz2gmivv8;00:00:06.7;00:00:08.8;15;female;slowmo;driver;dtl;lydia_ko;yt
swing_024;FBskzbHihlw;00:00:16.0;00:00:18.1;30;female;fullspeed;driver;dtl;jessiva_korda;yt
swing_025;aB__zg42i9g;00:00:00.0;00:00:12.0;15;male;slowmo;iron;dtl;max_homa;yt_shorts
swing_026;yMHZs_opTyk;00:00:00.0;00:00:10.0;15;male;slowmo;iron;dtl;jason_day;yt_shorts
swing_027;uixgvYz8qYY;00:00:00.0;00:00:09.0;15;male;slowmo;driver;dtl;ludwig_aberg_2;yt_shorts
swing_028;hb83yVEUo38;00:00:09.0;00:00:12.9;30;female;fullspeed;driver;dtl;so_yeon_ryu;yt
swing_029;f243G2yjCbM;00:00:18.0;00:00:20.7;30;male;fullspeed;driver;dtl;billy_andrade;yt
swing_030;Ts_StRfgOwY;00:00:03.5;00:00:06.5;30;female;fullspeed;driver;dtl;michelle_wie;yt
swing_031;HT5C8bL5Kmc;00:00:13.0;00:00:15.2;15;female;slowmo;driver;dtl;karrie_webb;yt
swing_032;https://packaged-media.redd.it/6sagmuo9vf7f1/pb/m2-res_854p.mp4?m=DASHPlaylist.mpd&v=1&e=1750176000&s=f7bd93db0a88a7d8f6de1e0a75c51f4ff119926d;;;30;male;fullspeed;iron;dtl;amateur_001;reddit
swing_033;https://packaged-media.redd.it/boder1etve7f1/pb/m2-res_1920p.mp4?m=DASHPlaylist.mpd&v=1&e=1750176000&s=ab1aef88e9f016b0ea7177d370425971183ad850;;;30;male;fullspeed;iron;dtl;amateur_002;reddit
swing_034;https://packaged-media.redd.it/01czo7wg7f7f1/pb/m2-res_1920p.mp4?m=DASHPlaylist.mpd&v=1&e=1750179600&s=e5fcee79a3c199411218bfc869eb7a7d16a4434d;;;30;male;fullspeed;iron;dtl;amateur_003;reddit
swing_035;https://packaged-media.redd.it/yb9ghhixjc7f1/pb/m2-res_1920p.mp4?m=DASHPlaylist.mpd&v=1&e=1750179600&s=daf28a293bb04b0a007669f1754629d9530baa02;;;15;male;fullspeed;iron;dtl;amateur_004;reddit
swing_036;https://packaged-media.redd.it/7ymd1hf4se7f1/pb/m2-res_854p.mp4?m=DASHPlaylist.mpd&v=1&e=1750176000&s=2fcb987a38870b14947917a7baadd17de5475e0f;;;30;male;fullspeed;iron;dtl;amateur_005;reddit
swing_037;https://packaged-media.redd.it/re4n70exme7f1/pb/m2-res_1920p.mp4?m=DASHPlaylist.mpd&v=1&e=1750179600&s=a1dea9e86d3a4d79100ee01ccad18dc89aafa552;;;30;male;fullspeed;iron;dtl;amateur_006;reddit
swing_038;https://packaged-media.redd.it/rmxl08v6us6f1/pb/m2-res_1620p.mp4?m=DASHPlaylist.mpd&v=1&e=1750179600&s=6b622b707ac6d3fdca24a4728cd82694a5da6a19;;;30;male;fullspeed;driver;dtl;amateur_007;reddit
swing_039;https://packaged-media.redd.it/uqhut1jzjm6f1/pb/m2-res_1920p.mp4?m=DASHPlaylist.mpd&v=1&e=1750179600&s=fb21fd35c928fa6ed110517c7eda899f39d88e69;;;30;male;fullspeed;driver;dtl;amateur_008;reddit
swing_040;https://packaged-media.redd.it/qgqr0grale7f1/pb/m2-res_1918p.mp4?m=DASHPlaylist.mpd&v=1&e=1750179600&s=10d74329ce0ebe12cb5b9a385db31b4b0a8b4be8;;;30;male;fullspeed;iron;dtl;amateur_009;reddit
swing_041;https://packaged-media.redd.it/040p85q42j6f1/pb/m2-res_854p.mp4?m=DASHPlaylist.mpd&v=1&e=1750179600&s=a67eca29e038f781abd7cf154132ee316927197b;;;30;male;fullspeed;driver;dtl;amateur_010;reddit
swing_042;https://packaged-media.redd.it/midh7hsqhz6f1/pb/m2-res_1080p.mp4?m=DASHPlaylist.mpd&v=1&e=1750179600&s=477b7b3808334febacae5902be35dc42634259cc;;;15;male;slowmo;iron;dtl;amateur_011;reddit
swing_043;https://packaged-media.redd.it/plegdu7ade7f1/pb/m2-res_1920p.mp4?m=DASHPlaylist.mpd&v=1&e=1750179600&s=aaf361ca39e54a8ccc752c14914deeddd5774403;;;15;male;slowmo;iron;dtl;amateur_012;reddit
swing_044;https://packaged-media.redd.it/3lmlkge6o36f1/pb/m2-res_1920p.mp4?m=DASHPlaylist.mpd&v=1&e=1750179600&s=0aa18ee9d3729ac67f0dfb2a4afaa832b6452741;;;15;male;slowmo;iron;dtl;amateur_013;reddit
swing_045;https://packaged-media.redd.it/gj9tiacu6z6f1/pb/m2-res_1920p.mp4?m=DASHPlaylist.mpd&v=1&e=1750179600&s=14ecf99552b5d8dbfe5b64faac23a42b0847bb14;;;30;male;slowmo;iron;dtl;amateur_014;reddit
swing_046;https://packaged-media.redd.it/1xrdjrcydy6f1/pb/m2-res_1918p.mp4?m=DASHPlaylist.mpd&v=1&e=1750179600&s=beeb040f66f4ddd52ebe2d0b6a2d1ee565ca2815;;;30;male;fullspeed;wood;dtl;amateur_014;reddit
swing_047;https://packaged-media.redd.it/fxt76ib1h36f1/pb/m2-res_1920p.mp4?m=DASHPlaylist.mpd&v=1&e=1750179600&s=44fe790d4f5b4d814fd157f85a5ae902864176be;;;30;male;fullspeed;iron;dtl;amateur_015;reddit
swing_048;https://packaged-media.redd.it/wpkjybx1167f1/pb/m2-res_1920p.mp4?m=DASHPlaylist.mpd&v=1&e=1750179600&s=25cd101aeef2a73ed0378ba29815767a15e18615;;;30;male;fullspeed;iron;dtl;amateur_016;reddit
swing_049;https://packaged-media.redd.it/fwr1lijngx6f1/pb/m2-res_1920p.mp4?m=DASHPlaylist.mpd&v=1&e=1750179600&s=c4e0e5fa55cf6bbbd9254c488d3b8069b0dc0646;;;15;male;fullspeed;driver;dtl;amateur_017;reddit
swing_050;https://packaged-media.redd.it/nzx91vtx9q6f1/pb/m2-res_1080p.mp4?m=DASHPlaylist.mpd&v=1&e=1750179600&s=8c5d032e86592102d6881cb270e2edd49d71fb44;;;30;male;fullspeed;iron;dtl;amateur_018;reddit
swing_051;https://packaged-media.redd.it/rqg1n66gbw6f1/pb/m2-res_1920p.mp4?m=DASHPlaylist.mpd&v=1&e=1750183200&s=5c46c1a8ff91f139874ff301c546845d0312c2e5;;;30;male;fullspeed;iron;dtl;amateur_019;reddit
swing_052;https://packaged-media.redd.it/q26gzrmy526f1/pb/m2-res_1920p.mp4?m=DASHPlaylist.mpd&v=1&e=1750183200&s=aa954aa65d0d83ac375bc82eabae01cbefc0c859;;;30;male;fullspeed;iron;dtl;amateur_020;reddit
swing_053;https://packaged-media.redd.it/4tfob2dgqb6f1/pb/m2-res_1920p.mp4?m=DASHPlaylist.mpd&v=1&e=1750183200&s=312998a449d1794d7cc11edf9873162a88f2c598;;;30;male;fullspeed;iron;dtl;amateur_021;reddit
swing_054;https://packaged-media.redd.it/ihg028t91v6f1/pb/m2-res_1920p.mp4?m=DASHPlaylist.mpd&v=1&e=1750183200&s=2a07ce56482799eb8901c47a60c7952e1602f8c8;;;30;male;fullspeed;iron;dtl;amateur_022;reddit
swing_055;https://packaged-media.redd.it/eomfkocp3c7f1/pb/m2-res_1920p.mp4?m=DASHPlaylist.mpd&v=1&e=1750183200&s=0bde2173653522413ed2dc7dcf6ec8cb6f08bab7;;;30;male;fullspeed;iron;dtl;amateur_023;reddit
swing_056;https://packaged-media.redd.it/nr8gb5qidj6f1/pb/m2-res_1920p.mp4?m=DASHPlaylist.mpd&v=1&e=1750183200&s=4661e7e816872c0b39b6eb8ceaec1ae1ffc38a49;;;30;male;fullspeed;driver;dtl;amateur_024;reddit
swing_057;https://packaged-media.redd.it/g834am5aot6f1/pb/m2-res_1920p.mp4?m=DASHPlaylist.mpd&v=1&e=1750183200&s=4c5179385112b3c6cb4ff2536857afd6098e5c93;;;30;male;fullspeed;driver;dtl;amateur_025;reddit
swing_058;https://packaged-media.redd.it/ku1whnutcs6f1/pb/m2-res_1920p.mp4?m=DASHPlaylist.mpd&v=1&e=1750183200&s=0bb9d99c9e02ae8cfb01d9091e5a81712cd572cf;;;30;male;fullspeed;iron;dtl;amateur_026;reddit
swing_059;https://packaged-media.redd.it/3t456x6bgt6f1/pb/m2-res_1920p.mp4?m=DASHPlaylist.mpd&v=1&e=1750183200&s=d88ebee048cf625299a88959b3f1d2665ada94ec;;;30;male;fullspeed;iron;dtl;amateur_027;reddit
swing_060;https://packaged-media.redd.it/i4bxoskzxs6f1/pb/m2-res_1920p.mp4?m=DASHPlaylist.mpd&v=1&e=1750183200&s=783fb049a11158096c06a5087924b8a33e44a471;;;15;male;slowmo;driver;dtl;amateur_028;reddit
swing_061;https://packaged-media.redd.it/3ae0h3nuil6f1/pb/m2-res_854p.mp4?m=DASHPlaylist.mpd&v=1&e=1750168800&s=164871de9c8262091cbd8aeaebfe8b697e2970d1;;;15;male;slowmo;driver;dtl;amateur_029;reddit
swing_062;https://packaged-media.redd.it/pxfhvmfp2s6f1/pb/m2-res_1920p.mp4?m=DASHPlaylist.mpd&v=1&e=1750183200&s=80864dc58016537e3c5a0eb2f519efcd4ab5539c;;;30;male;fullspeed;iron;dtl;amateur_030;reddit
swing_063;https://packaged-media.redd.it/gg9ev7mgn63f1/pb/m2-res_650p.mp4?m=DASHPlaylist.mpd&v=1&e=1750176000&s=e641dfcc109542f7aa53b84e4fecf9129c43707a;;;30;male;fullspeed;driver;dtl;amateur_31;reddit
swing_064;https://packaged-media.redd.it/ao45i0k1j05f1/pb/m2-res_1920p.mp4?m=DASHPlaylist.mpd&v=1&e=1750183200&s=4430f1a1dfcec986c7ecc5be2069dc94f0d7805f;;;15;male;slowmo;driver;dtl;amateur_32;reddit
swing_065;https://packaged-media.redd.it/jgtnaymgmq6f1/pb/m2-res_1920p.mp4?m=DASHPlaylist.mpd&v=1&e=1750183200&s=f169ecf271587418d70a2b369d99fb879fb3de7c;00:00:00.0;00:00:05.0;30;female;fullspeed;iron;dtl;amateur_33;reddit
swing_066;https://packaged-media.redd.it/v5wxb8zbb35f1/pb/m2-res_1920p.mp4?m=DASHPlaylist.mpd&v=1&e=1750183200&s=9a880ef6f366689bf999cde4379995c079188131;00:00:00.0;00:00:05.0;30;male;fullspeed;iron;dtl;amateur_34;reddit
swing_067;https://packaged-media.redd.it/dpovarlos42f1/pb/m2-res_1920p.mp4?m=DASHPlaylist.mpd&v=1&e=1750183200&s=b0d5b2c5520289e8271295dac3a1da5f4a3d6369;00:00:00.0;00:00:04.0;30;male;fullspeed;iron;dtl;amateur_35;reddit